World,1800,984741159
World,1801,987628322
World,1802,991098738
World,1803,994610260
World,1804,998163240
World,1805,1001758044
World,1806,1005395067
World,1807,1009074742
World,1808,1012797513
World,1809,1016563866
World,1810,1022630209
World,1811,1027487469
World,1812,1033631136
World,1813,1040443689
World,1814,1047427292
World,1815,1054586106
World,1816,1061924513
World,1817,1069447070
World,1818,1077158552
World,1819,1084757875
World,1820,1092947430
World,1821,1099331577
World,1822,1106253783
World,1823,1113514792
World,1824,1120876169
World,1825,1128342960
World,1826,1135961188
World,1827,1143684846
World,1828,1151515422
World,1829,1158898384
World,1830,1166619866
World,1831,1172266726
World,1832,1178216298
World,1833,1183674995
World,1834,1189194865
World,1835,1194777021
World,1836,1200422586
World,1837,1206132721
World,1838,1211908617
World,1839,1217612799
World,1840,1224118700
World,1841,1228821489
World,1842,1234333753
World,1843,1239786237
World,1844,1245319917
World,1845,1250936428
World,1846,1256637463
World,1847,1262424720
World,1848,1268300005
World,1849,1273394934
World,1850,1278698177
World,1851,1281044111
World,1852,1283605123
World,1853,1285405357
World,1854,1287317863
World,1855,1289344086
World,1856,1291485555
World,1857,1293743896
World,1858,1296120810
World,1859,1298874784
World,1860,1303155270
World,1861,1305490771
World,1862,1309347024
World,1863,1313556287
World,1864,1317850567
World,1865,1322223328
World,1866,1326674072
World,1867,1331210602
World,1868,1335831902
World,1869,1341040002
World,1870,1348154278
World,1871,1353185947
World,1872,1360191149
World,1873,1367778454
World,1874,1375441175
World,1875,1383207445
World,1876,1391057502
World,1877,1398962396
World,1878,1406939006
World,1879,1415456507
World,1880,1425998659
World,1881,1434253944
World,1882,1444559322
World,1883,1455464560
World,1884,1466507494
World,1885,1477744363
World,1886,1489095893
World,1887,1500609770
World,1888,1512259811
World,1889,1523683199
World,1890,1536461994
World,1891,1545852788
World,1892,1556562451
World,1893,1567026235
World,1894,1577633469
World,1895,1588397643
World,1896,1599255683
World,1897,1610265238
World,1898,1621405678
World,1899,1633219852
World,1900,1647405028
World,1901,1658785643
World,1902,1672564382
World,1903,1687012805
World,1904,1701647404
World,1905,1716473051
World,1906,1731494784
World,1907,1746736854
World,1908,1762200207
World,1909,1777067748
World,1910,1793323600
World,1911,1804920684
World,1912,1817990952
World,1913,1830461187
World,1914,1843131589
World,1915,1855949027
World,1916,1868851504
World,1917,1881853176
World,1918,1895037042
World,1919,1909044309
World,1920,1926217432
World,1921,1939587826
World,1922,1955971631
World,1923,1973057174
World,1924,1990416385
World,1925,2008052088
World,1926,2025945381
World,1927,2044097070
World,1928,2062543972
World,1929,2081683468
World,1930,2104067387
World,1931,2122176586
World,1932,2143517525
World,1933,2165540428
World,1934,2187836793
World,1935,2210412972
World,1936,2233367401
World,1937,2256671866
World,1938,2280342907
World,1939,2303096438
World,1940,2327357744
World,1941,2344788534
World,1942,2363887111
World,1943,2381758939
World,1944,2399659920
World,1945,2417413700
World,1946,2435048602
World,1947,2454045831
World,1948,2474648090
World,1949,2500821769
World,1950,2499322112
World,1951,2543130368
World,1952,2590270976
World,1953,2640278784
World,1954,2691979264
World,1955,2746072064
World,1956,2801002752
World,1957,2857866752
World,1958,2916108032
World,1959,2970292224
World,1960,3019233536
World,1961,3068370688
World,1962,3126686720
World,1963,3195779328
World,1964,3267212288
World,1965,3337112064
World,1966,3406416896
World,1967,3475448064
World,1968,3546810880
World,1969,3620655360
World,1970,3695390208
World,1971,3770163200
World,1972,3844800768
World,1973,3920251392
World,1974,3995516928
World,1975,4069437184
World,1976,4142505728
World,1977,4215772416
World,1978,4289657600
World,1979,4365582848
World,1980,4444007936
World,1981,4524627456
World,1982,4607984640
World,1983,4691884032
World,1984,4775836160
World,1985,4861730816
World,1986,4950063104
World,1987,5040984576
World,1988,5132294144
World,1989,5223704064
World,1990,5316175872
World,1991,5406245888
World,1992,5492686336
World,1993,5577433600
World,1994,5660727808
World,1995,5743219712
World,1996,5825145344
World,1997,5906481152
World,1998,5987312640
World,1999,6067758592
World,2000,6148898816
World,2001,6230747136
World,2002,6312407552
World,2003,6393898496
World,2004,6475751424
World,2005,6558176256
World,2006,6641416192
World,2007,6725948416
World,2008,6811597312
World,2009,6898306048
World,2010,6985603072
World,2011,7073125376
World,2012,7161697792
World,2013,7250593280
World,2014,7339013632
World,2015,7426597376
World,2016,7513474048
World,2017,7599822336
World,2018,7683789824
World,2019,7764951040
World,2020,7840952832
World,2021,7909295104
Asia,1800,683164230
Asia,1801,685313189
Asia,1802,687481676
Asia,1803,689669661
Asia,1804,691877126
Asia,1805,694104056
Asia,1806,696350439
Asia,1807,698616282
Asia,1808,700901585
Asia,1809,703206358
Asia,1810,706674883
Asia,1811,710162101
Asia,1812,714078214
Asia,1813,718428530
Asia,1814,722851263
Asia,1815,727346976
Asia,1816,731916232
Asia,1817,736559615
Asia,1818,741277708
Asia,1819,745850975
Asia,1820,750275018
Asia,1821,754305457
Asia,1822,758154504
Asia,1823,762322127
Asia,1824,766521802
Asia,1825,770753777
Asia,1826,775018306
Asia,1827,779315643
Asia,1828,783646040
Asia,1829,787487402
Asia,1830,790835895
Asia,1831,793687652
Asia,1832,796033857
Asia,1833,797870526
Asia,1834,799716022
Asia,1835,801570412
Asia,1836,803433758
Asia,1837,805306136
Asia,1838,807187621
Asia,1839,809016646
Asia,1840,810793199
Asia,1841,812520779
Asia,1842,814199458
Asia,1843,815829283
Asia,1844,817471957
Asia,1845,819127627
Asia,1846,820796452
Asia,1847,822478578
Asia,1848,824174181
Asia,1849,825175177
Asia,1850,825489039
Asia,1851,825140598
Asia,1852,824118722
Asia,1853,822430482
Asia,1854,820791535
Asia,1855,819201877
Asia,1856,817661526
Asia,1857,816170488
Asia,1858,814728803
Asia,1859,813640176
Asia,1860,812901530
Asia,1861,812518807
Asia,1862,812487872
Asia,1863,812801035
Asia,1864,813147442
Asia,1865,813519627
Asia,1866,813916125
Asia,1867,814343757
Asia,1868,814800504
Asia,1869,815716032
Asia,1870,817101095
Asia,1871,818935327
Asia,1872,821243760
Asia,1873,823995757
Asia,1874,826753266
Asia,1875,829543296
Asia,1876,832344921
Asia,1877,835128006
Asia,1878,837908196
Asia,1879,841138989
Asia,1880,844858996
Asia,1881,849089180
Asia,1882,853831270
Asia,1883,859077394
Asia,1884,864378253
Asia,1885,869788419
Asia,1886,875226843
Asia,1887,880739416
Asia,1888,886298069
Asia,1889,891678432
Asia,1890,896895609
Asia,1891,901901126
Asia,1892,906708550
Asia,1893,911321798
Asia,1894,915991009
Asia,1895,920728298
Asia,1896,925469192
Asia,1897,930269915
Asia,1898,935108383
Asia,1899,940443731
Asia,1900,946242864
Asia,1901,952498307
Asia,1902,959237085
Asia,1903,966451106
Asia,1904,973734587
Asia,1905,981090354
Asia,1906,988522382
Asia,1907,996049773
Asia,1908,1003674302
Asia,1909,1011322860
Asia,1910,1018997582
Asia,1911,1026660265
Asia,1912,1034425911
Asia,1913,1042234550
Asia,1914,1050154533
Asia,1915,1058188662
Asia,1916,1066281832
Asia,1917,1074410073
Asia,1918,1082756905
Asia,1919,1091090241
Asia,1920,1099417986
Asia,1921,1107621411
Asia,1922,1115699547
Asia,1923,1123673982
Asia,1924,1131787684
Asia,1925,1140024531
Asia,1926,1148394646
Asia,1927,1156897793
Asia,1928,1165548726
Asia,1929,1175056070
Asia,1930,1185463161
Asia,1931,1196785984
Asia,1932,1209016893
Asia,1933,1222124693
Asia,1934,1235397711
Asia,1935,1248842623
Asia,1936,1262555134
Asia,1937,1276502272
Asia,1938,1290722765
Asia,1939,1303469421
Asia,1940,1314744179
Asia,1941,1324559853
Asia,1942,1332892961
Asia,1943,1339548622
Asia,1944,1345916914
Asia,1945,1352400061
Asia,1946,1359285868
Asia,1947,1366884901
Asia,1948,1375039604
Asia,1949,1387587694
Asia,1950,1378554727
Asia,1951,1405143078
Asia,1952,1434494047
Asia,1953,1465867616
Asia,1954,1498211442
Asia,1955,1532368957
Asia,1956,1566934853
Asia,1957,1603074679
Asia,1958,1639899539
Asia,1959,1672174028
Asia,1960,1698939691
Asia,1961,1725304326
Asia,1962,1760632925
Asia,1963,1806724539
Asia,1964,1854882565
Asia,1965,1901594742
Asia,1966,1948036863
Asia,1967,1994226633
Asia,1968,2042761361
Asia,1969,2093665797
Asia,1970,2144906508
Asia,1971,2195423804
Asia,1972,2245577141
Asia,1973,2296593872
Asia,1974,2346946783
Asia,1975,2395376069
Asia,1976,2442681709
Asia,1977,2489872409
Asia,1978,2536783728
Asia,1979,2584916791
Asia,1980,2635334410
Asia,1981,2687793098
Asia,1982,2742593626
Asia,1983,2797881469
Asia,1984,2853170213
Asia,1985,2909856492
Asia,1986,2968294733
Asia,1987,3028624604
Asia,1988,3089224548
Asia,1989,3149702853
Asia,1990,3210563750
Asia,1991,3269054085
Asia,1992,3324377494
Asia,1993,3378235529
Asia,1994,3431170953
Asia,1995,3483316665
Asia,1996,3534544077
Asia,1997,3585198287
Asia,1998,3635442850
Asia,1999,3685232690
Asia,2000,3735089775
Asia,2001,3785215058
Asia,2002,3834687401
Asia,2003,3883310793
Asia,2004,3931402529
Asia,2005,3979329053
Asia,2006,4027291741
Asia,2007,4074998014
Asia,2008,4122790915
Asia,2009,4171339685
Asia,2010,4220041467
Asia,2011,4268479060
Asia,2012,4317165429
Asia,2013,4365286895
Asia,2014,4412496398
Asia,2015,4458250376
Asia,2016,4502955714
Asia,2017,4547095064
Asia,2018,4588802751
Asia,2019,4627738749
Asia,2020,4663086623
Asia,2021,4693332132
Africa,1800,81271175
Africa,1801,81313551
Africa,1802,81418900
Africa,1803,81525621
Africa,1804,81633731
Africa,1805,81743247
Africa,1806,81854174
Africa,1807,81966528
Africa,1808,82080332
Africa,1809,82195596
Africa,1810,82385589
Africa,1811,82440934
Africa,1812,82579573
Africa,1813,82729616
Africa,1814,82891459
Africa,1815,83065241
Africa,1816,83251124
Africa,1817,83449261
Africa,1818,83659804
Africa,1819,83954434
Africa,1820,84416702
Africa,1821,84811641
Africa,1822,85376766
Africa,1823,86056105
Africa,1824,86755919
Africa,1825,87476538
Africa,1826,88218276
Africa,1827,88981474
Africa,1828,89766472
Africa,1829,90573904
Africa,1830,91494029
Africa,1831,92257560
Africa,1832,93125349
Africa,1833,94007792
Africa,1834,94904834
Africa,1835,95816766
Africa,1836,96743850
Africa,1837,97686357
Africa,1838,98644581
Africa,1839,99638115
Africa,1840,100772650
Africa,1841,101734515
Africa,1842,102839146
Africa,1843,103982621
Africa,1844,105146559
Africa,1845,106331394
Africa,1846,107537534
Africa,1847,108765412
Africa,1848,110015469
Africa,1849,111156406
Africa,1850,112295370
Africa,1851,112846162
Africa,1852,113385258
Africa,1853,113801930
Africa,1854,114222280
Africa,1855,114646381
Africa,1856,115074281
Africa,1857,115506066
Africa,1858,115941807
Africa,1859,116390242
Africa,1860,117016275
Africa,1861,117325088
Africa,1862,117811414
Africa,1863,118310277
Africa,1864,118812918
Africa,1865,119319375
Africa,1866,119829679
Africa,1867,120343860
Africa,1868,120861940
Africa,1869,121396213
Africa,1870,122130573
Africa,1871,122512483
Africa,1872,123096528
Africa,1873,123697570
Africa,1874,124303524
Africa,1875,124914434
Africa,1876,125530329
Africa,1877,126151259
Africa,1878,126777272
Africa,1879,127418579
Africa,1880,128257119
Africa,1881,128747572
Africa,1882,129435490
Africa,1883,130139177
Africa,1884,130848603
Africa,1885,131563803
Africa,1886,132284841
Africa,1887,133011765
Africa,1888,133744628
Africa,1889,134394419
Africa,1890,135129385
Africa,1891,135445399
Africa,1892,135846881
Africa,1893,136165893
Africa,1894,136491624
Africa,1895,136824118
Africa,1896,137163427
Africa,1897,137509591
Africa,1898,137862661
Africa,1899,138243556
Africa,1900,138827369
Africa,1901,139094637
Africa,1902,139567767
Africa,1903,140074606
Africa,1904,140595545
Africa,1905,141130711
Africa,1906,141680233
Africa,1907,142244256
Africa,1908,142822923
Africa,1909,143407172
Africa,1910,144170612
Africa,1911,144586985
Africa,1912,145180745
Africa,1913,145775225
Africa,1914,146378430
Africa,1915,146990451
Africa,1916,147611381
Africa,1917,148241306
Africa,1918,148852646
Africa,1919,149715052
Africa,1920,151007600
Africa,1921,152208708
Africa,1922,153847948
Africa,1923,155754237
Africa,1924,157688951
Africa,1925,159652537
Africa,1926,161645440
Africa,1927,163668127
Africa,1928,165721048
Africa,1929,167806256
Africa,1930,170123290
Africa,1931,172075410
Africa,1932,174260306
Africa,1933,176479403
Africa,1934,178731614
Africa,1935,181017458
Africa,1936,183337445
Africa,1937,185692116
Africa,1938,188081992
Africa,1939,190625616
Africa,1940,193553408
Africa,1941,196192789
Africa,1942,199225975
Africa,1943,202432183
Africa,1944,205698555
Africa,1945,209026260
Africa,1946,212416498
Africa,1947,215870471
Africa,1948,219389433
Africa,1949,223251064
Africa,1950,227549730
Africa,1951,232484439
Africa,1952,237586485
Africa,1953,242837870
Africa,1954,248245229
Africa,1955,253848117
Africa,1956,259631766
Africa,1957,265515596
Africa,1958,271429963
Africa,1959,277648583
Africa,1960,284288223
Africa,1961,291177974
Africa,1962,298334455
Africa,1963,305755585
Africa,1964,313466087
Africa,1965,321447378
Africa,1966,329658389
Africa,1967,338159967
Africa,1968,346980412
Africa,1969,356070643
Africa,1970,365450443
Africa,1971,375086296
Africa,1972,384930776
Africa,1973,395212420
Africa,1974,406069208
Africa,1975,417556976
Africa,1976,429573262
Africa,1977,441701768
Africa,1978,454463053
Africa,1979,467976240
Africa,1980,481543145
Africa,1981,495655683
Africa,1982,510540596
Africa,1983,525335348
Africa,1984,540183119
Africa,1985,555652995
Africa,1986,571646786
Africa,1987,588080029
Africa,1988,604511530
Africa,1989,621167964
Africa,1990,638157571
Africa,1991,655040869
Africa,1992,671931834
Africa,1993,689140286
Africa,1994,706488557
Africa,1995,724331972
Africa,1996,742765067
Africa,1997,761224818
Africa,1998,779908311
Africa,1999,799099611
Africa,2000,818952374
Africa,2001,839464127
Africa,2002,860611762
Africa,2003,882349569
Africa,2004,904781595
Africa,2005,927898412
Africa,2006,951740562
Africa,2007,976461747
Africa,2008,1001981577
Africa,2009,1028200528
Africa,2010,1055233717
Africa,2011,1082676070
Africa,2012,1110797495
Africa,2013,1140180888
Africa,2014,1170299297
Africa,2015,1201108186
Africa,2016,1232111820
Africa,2017,1263333997
Africa,2018,1295265310
Africa,2019,1327701380
Africa,2020,1360677453
Africa,2021,1393676724
Europe,,1800,194785788
Europe,,1801,195701162
Europe,,1802,196628719
Europe,,1803,197566517
Europe,,1804,198514695
Europe,,1805,199473387
Europe,,1806,200442734
Europe,,1807,201422884
Europe,,1808,202413973
Europe,,1809,203416152
Europe,,1810,204833352
Europe,,1811,206276272
Europe,,1812,207900345
Europe,,1813,209713078
Europe,,1814,211597812
Europe,,1815,213557595
Europe,,1816,215595654
Europe,,1817,217715377
Europe,,1818,219920344
Europe,,1819,222075640
Europe,,1820,224174191
Europe,,1821,226196059
Europe,,1822,228138945
Europe,,1823,229987586
Europe,,1824,231867714
Europe,,1825,233783315
Europe,,1826,235779324
Europe,,1827,237808621
Europe,,1828,239871553
Europe,,1829,241922614
Europe,,1830,243965014
Europe,,1831,245946409
Europe,,1832,247903507
Europe,,1833,249831849
Europe,,1834,251776566
Europe,,1835,253737784
Europe,,1836,255715669
Europe,,1837,257710364
Europe,,1838,259722015
Europe,,1839,261645428
Europe,,1840,263485085
Europe,,1841,265231144
Europe,,1842,266893235
Europe,,1843,268466616
Europe,,1844,270056462
Europe,,1845,271662834
Europe,,1846,273285789
Europe,,1847,274925387
Europe,,1848,276581686
Europe,,1849,278267428
Europe,,1850,279988343
Europe,,1851,281713860
Europe,,1852,283474669
Europe,,1853,285265239
Europe,,1854,287073040
Europe,,1855,288898177
Europe,,1856,290740756
Europe,,1857,292600889
Europe,,1858,294478686
Europe,,1859,296410600
Europe,,1860,298403811
Europe,,1861,300432016
Europe,,1862,302521931
Europe,,1863,304666854
Europe,,1864,306830713
Europe,,1865,309013674
Europe,,1866,311215909
Europe,,1867,313437586
Europe,,1868,315678880
Europe,,1869,317977607
Europe,,1870,320343249
Europe,,1871,322700200
Europe,,1872,325181977
Europe,,1873,327725453
Europe,,1874,330294077
Europe,,1875,332888107
Europe,,1876,335507823
Europe,,1877,338153488
Europe,,1878,340825382
Europe,,1879,343512376
Europe,,1880,346224861
Europe,,1881,348929570
Europe,,1882,351659818
Europe,,1883,354405276
Europe,,1884,357177411
Europe,,1885,359976492
Europe,,1886,362802790
Europe,,1887,365656565
Europe,,1888,368538106
Europe,,1889,371466412
Europe,,1890,374454928
Europe,,1891,377474877
Europe,,1892,380556560
Europe,,1893,383687964
Europe,,1894,386850961
Europe,,1895,390045897
Europe,,1896,393273113
Europe,,1897,396532959
Europe,,1898,399825784
Europe,,1899,403185896
Europe,,1900,406629896
Europe,,1901,410117085
Europe,,1902,413688564
Europe,,1903,417330587
Europe,,1904,421010166
Europe,,1905,424727733
Europe,,1906,428482719
Europe,,1907,432278569
Europe,,1908,436112732
Europe,,1909,439414124
Europe,,1910,442200578
Europe,,1911,444373917
Europe,,1912,446048921
Europe,,1913,447186295
Europe,,1914,448347652
Europe,,1915,449475992
Europe,,1916,450563315
Europe,,1917,451646629
Europe,,1918,452735659
Europe,,1919,454293081
Europe,,1920,456440497
Europe,,1921,458944944
Europe,,1922,461995358
Europe,,1923,465460151
Europe,,1924,468963376
Europe,,1925,472522223
Europe,,1926,476105901
Europe,,1927,479713624
Europe,,1928,483365625
Europe,,1929,486994645
Europe,,1930,490628405
Europe,,1931,494191548
Europe,,1932,497747399
Europe,,1933,501267150
Europe,,1934,504812851
Europe,,1935,508382799
Europe,,1936,511978332
Europe,,1937,515602758
Europe,,1938,519232424
Europe,,1939,522824630
Europe,,1940,525992802
Europe,,1941,528740902
Europe,,1942,531196939
Europe,,1943,533432475
Europe,,1944,535796884
Europe,,1945,537707230
Europe,,1946,538899589
Europe,,1947,540540048
Europe,,1948,543024166
Europe,,1949,545975196
Europe,,1950,550217528
Europe,,1951,555061176
Europe,,1952,560119239
Europe,,1953,565576038
Europe,,1954,571196738
Europe,,1955,576839468
Europe,,1956,582519126
Europe,,1957,588264855
Europe,,1958,594232829
Europe,,1959,600259337
Europe,,1960,606217567
Europe,,1961,612306138
Europe,,1962,618273685
Europe,,1963,623943385
Europe,,1964,629557545
Europe,,1965,634885240
Europe,,1966,639887369
Europe,,1967,644742383
Europe,,1968,649242974
Europe,,1969,653377711
Europe,,1970,657164251
Europe,,1971,661120687
Europe,,1972,665447565
Europe,,1973,669560034
Europe,,1974,673561825
Europe,,1975,677416160
Europe,,1976,681010388
Europe,,1977,684505423
Europe,,1978,687813865
Europe,,1979,690959643
Europe,,1980,694118828
Europe,,1981,697116693
Europe,,1982,699916913
Europe,,1983,702722575
Europe,,1984,705518653
Europe,,1985,708248300
Europe,,1986,711128857
Europe,,1987,714220717
Europe,,1988,717211203
Europe,,1989,719885860
Europe,,1990,722288309
Europe,,1991,724402333
Europe,,1992,726070329
Europe,,1993,727268334
Europe,,1994,727908035
Europe,,1995,728163229
Europe,,1996,728333991
Europe,,1997,728464341
Europe,,1998,728360684
Europe,,1999,728032049
Europe,,2000,727919596
Europe,,2001,727846044
Europe,,2002,727924375
Europe,,2003,728428191
Europe,,2004,729184823
Europe,,2005,729990437
Europe,,2006,730916003
Europe,,2007,732469869
Europe,,2008,734351485
Europe,,2009,736016704
Europe,,2010,737409380
Europe,,2011,738737660
Europe,,2012,740067017
Europe,,2013,741183688
Europe,,2014,742194046
Europe,,2015,743297647
Europe,,2016,744519366
Europe,,2017,745660845
Europe,,2018,746578519
Europe,,2019,747419066
Europe,,2020,747463478
Europe,,2021,746418539
South America,,1800,9277933
South America,,1801,9310655
South America,,1802,9353714
South America,,1803,9400414
South America,,1804,9450790
South America,,1805,9504877
South America,,1806,9562721
South America,,1807,9624367
South America,,1808,9689860
South America,,1809,9759256
South America,,1810,9862561
South America,,1811,9950953
South America,,1812,10056899
South America,,1813,10172988
South America,,1814,10293067
South America,,1815,10417231
South America,,1816,10545581
South America,,1817,10678217
South America,,1818,10815249
South America,,1819,10962349
South America,,1820,11127585
South America,,1821,11286476
South America,,1822,11463353
South America,,1823,11650003
South America,,1824,11840771
South America,,1825,12035752
South America,,1826,12235048
South America,,1827,12438758
South America,,1828,12646984
South America,,1829,12866192
South America,,1830,13105738
South America,,1831,13339368
South America,,1832,13594308
South America,,1833,13862168
South America,,1834,14137131
South America,,1835,14419428
South America,,1836,14709288
South America,,1837,15006964
South America,,1838,15312703
South America,,1839,15621301
South America,,1840,15942636
South America,,1841,16247519
South America,,1842,16565380
South America,,1843,16886583
South America,,1844,17216742
South America,,1845,17556173
South America,,1846,17905214
South America,,1847,18264206
South America,,1848,18633510
South America,,1849,18962516
South America,,1850,19261474
South America,,1851,19505739
South America,,1852,19718993
South America,,1853,19889830
South America,,1854,20068516
South America,,1855,20255068
South America,,1856,20449524
South America,,1857,20651924
South America,,1858,20862318
South America,,1859,21080798
South America,,1860,21318577
South America,,1861,21539823
South America,,1862,21779297
South America,,1863,22024715
South America,,1864,22275557
South America,,1865,22531930
South America,,1866,22793953
South America,,1867,23061745
South America,,1868,23335425
South America,,1869,23626812
South America,,1870,23949666
South America,,1871,24266045
South America,,1872,24615564
South America,,1873,24986133
South America,,1874,25366939
South America,,1875,25758111
South America,,1876,26159790
South America,,1877,26572119
South America,,1878,26995249
South America,,1879,27446251
South America,,1880,27939810
South America,,1881,28433820
South America,,1882,28971508
South America,,1883,29539326
South America,,1884,30121017
South America,,1885,30717090
South America,,1886,31328092
South America,,1887,31954600
South America,,1888,32597223
South America,,1889,33250732
South America,,1890,33931029
South America,,1891,34591430
South America,,1892,35279004
South America,,1893,35978219
South America,,1894,36695001
South America,,1895,37429731
South America,,1896,38182813
South America,,1897,38954656
South America,,1898,39745685
South America,,1899,40552775
South America,,1900,41393246
South America,,1901,42215587
South America,,1902,43071576
South America,,1903,43944165
South America,,1904,44837141
South America,,1905,45751052
South America,,1906,46686450
South America,,1907,47643912
South America,,1908,48624026
South America,,1909,49616018
South America,,1910,50638665
South America,,1911,51634886
South America,,1912,52661325
South America,,1913,53698772
South America,,1914,54758303
South America,,1915,55840407
South America,,1916,56945588
South America,,1917,58074364
South America,,1918,59209705
South America,,1919,60375328
South America,,1920,61592847
South America,,1921,62800623
South America,,1922,64061956
South America,,1923,65356890
South America,,1924,66680196
South America,,1925,68032532
South America,,1926,69414575
South America,,1927,70827015
South America,,1928,72270559
South America,,1929,73711976
South America,,1930,75173191
South America,,1931,76584541
South America,,1932,78013650
South America,,1933,79436531
South America,,1934,80886009
South America,,1935,82362593
South America,,1936,83866799
South America,,1937,85399154
South America,,1938,86960197
South America,,1939,88636214
South America,,1940,90456927
South America,,1941,92351468
South America,,1942,94400241
South America,,1943,96583061
South America,,1944,98819348
South America,,1945,101110462
South America,,1946,103457779
South America,,1947,105862717
South America,,1948,108326732
South America,,1949,110949438
South America,,1950,113520774
South America,,1951,116611722
South America,,1952,119808344
South America,,1953,123095752
South America,,1954,126483936
South America,,1955,129986019
South America,,1956,133605548
South America,,1957,137348367
South America,,1958,141190603
South America,,1959,145148672
South America,,1960,149224306
South America,,1961,153377880
South America,,1962,157609028
South America,,1963,161919488
South America,,1964,166291510
South America,,1965,170706949
South America,,1966,175135459
South America,,1967,179569020
South America,,1968,184011029
South America,,1969,188469386
South America,,1970,192947239
South America,,1971,197461711
South America,,1972,202046231
South America,,1973,206713196
South America,,1974,211454623
South America,,1975,216251828
South America,,1976,221111805
South America,,1977,226098323
South America,,1978,231226845
South America,,1979,236454207
South America,,1980,241789097
South America,,1981,247206236
South America,,1982,252673448
South America,,1983,258200327
South America,,1984,263760622
South America,,1985,269320599
South America,,1986,274880221
South America,,1987,280447634
South America,,1988,286026582
South America,,1989,291601460
South America,,1990,297146501
South America,,1991,302601570
South America,,1992,307967492
South America,,1993,313302144
South America,,1994,318637078
South America,,1995,323946224
South America,,1996,329199341
South America,,1997,334414072
South America,,1998,339583049
South America,,1999,344665738
South America,,2000,349634344
South America,,2001,354475220
South America,,2002,359177090
South America,,2003,363705424
South America,,2004,368126871
South America,,2005,372502549
South America,,2006,376788418
South America,,2007,380966010
South America,,2008,385031415
South America,,2009,389045327
South America,,2010,393078326
South America,,2011,397135158
South America,,2012,401166879
South America,,2013,405147963
South America,,2014,409128901
South America,,2015,413134461
South America,,2016,417101806
South America,,2017,420982650
South America,,2018,424740741
South America,,2019,428318218
South America,,2020,431530105
South America,,2021,434254167
North America,,1800,14718677
North America,,1801,14506664
North America,,1802,14733662
North America,,1803,14966652
North America,,1804,15205815
North America,,1805,15451352
North America,,1806,15703478
North America,,1807,15962416
North America,,1808,16228407
North America,,1809,16501714
North America,,1810,17346020
North America,,1811,17168190
North America,,1812,17524632
North America,,1813,17905210
North America,,1814,18296295
North America,,1815,18698200
North America,,1816,19111256
North America,,1817,19535795
North America,,1818,19972164
North America,,1819,20397212
North America,,1820,21390074
North America,,1821,21208453
North America,,1822,21594611
North America,,1823,21972009
North America,,1824,22361625
North America,,1825,22763852
North America,,1826,23179102
North America,,1827,23607797
North America,,1828,24050385
North America,,1829,24511843
North America,,1830,25633683
North America,,1831,25491153
North America,,1832,26008850
North America,,1833,26545129
North America,,1834,27095340
North America,,1835,27659879
North America,,1836,28239150
North America,,1837,28833568
North America,,1838,29443559
North America,,1839,30082208
North America,,1840,31454754
North America,,1841,31449794
North America,,1842,32180988
North America,,1843,32945355
North America,,1844,33731492
North America,,1845,34540056
North America,,1846,35371745
North America,,1847,36227256
North America,,1848,37107333
North America,,1849,38015252
North America,,1850,39757631
North America,,1851,39932370
North America,,1852,40943667
North America,,1853,41986147
North America,,1854,43057962
North America,,1855,44159975
North America,,1856,45293086
North America,,1857,46458217
North America,,1858,47656314
North America,,1859,48808969
North America,,1860,50832635
North America,,1861,50968489
North America,,1862,51970381
North America,,1863,52916872
North America,,1864,53884711
North America,,1865,54874400
North America,,1866,55886447
North America,,1867,56921383
North America,,1868,57979744
North America,,1869,59075953
North America,,1870,61255844
North America,,1871,61384700
North America,,1872,62598656
North America,,1873,63853292
North America,,1874,65135501
North America,,1875,66445888
North America,,1876,67785069
North America,,1877,69153686
North America,,1878,70552383
North America,,1879,71978275
North America,,1880,74611189
North America,,1881,74913682
North America,,1882,76424259
North America,,1883,77964152
North America,,1884,79537469
North America,,1885,81144964
North America,,1886,82787413
North America,,1887,84465606
North America,,1888,86180356
North America,,1889,87879134
North America,,1890,90871089
North America,,1891,91223278
North America,,1892,92865765
North America,,1893,94486517
North America,,1894,96137483
North America,,1895,97819241
North America,,1896,99532371
North America,,1897,101277465
North America,,1898,103055128
North America,,1899,104897490
North America,,1900,108262619
North America,,1901,108783896
North America,,1902,110831875
North America,,1903,112952415
North America,,1904,115116051
North America,,1905,117323681
North America,,1906,119576231
North America,,1907,121874651
North America,,1908,124219901
North America,,1909,126467716
North America,,1910,130323390
North America,,1911,130657307
North America,,1912,132591969
North America,,1913,134414963
North America,,1914,136267979
North America,,1915,138151532
North America,,1916,140066155
North America,,1917,142012391
North America,,1918,143926514
North America,,1919,145917455
North America,,1920,149928722
North America,,1921,150134079
North America,,1922,152361942
North America,,1923,154670977
North America,,1924,157016254
North America,,1925,159398373
North America,,1926,161817945
North America,,1927,164275590
North America,,1928,166771937
North America,,1929,169105181
North America,,1930,173462178
North America,,1931,173266637
North America,,1932,175086803
North America,,1933,176727769
North America,,1934,178387783
North America,,1935,180067126
North America,,1936,181766077
North America,,1937,183484935
North America,,1938,185223993
North America,,1939,187271895
North America,,1940,192101902
North America,,1941,192330307
North America,,1942,195359493
North America,,1943,198734873
North America,,1944,202178094
North America,,1945,205690780
North America,,1946,209274581
North America,,1947,212931202
North America,,1948,216662395
North America,,1949,220592466
North America,,1950,217078493
North America,,1951,220921951
North America,,1952,225040618
North America,,1953,229381691
North America,,1954,234024926
North America,,1955,238891598
North America,,1956,243833832
North America,,1957,248844412
North America,,1958,254195090
North America,,1959,259556906
North America,,1960,264916376
North America,,1961,269992478
North America,,1962,275281702
North America,,1963,280538351
North America,,1964,285767926
North America,,1965,290870105
North America,,1966,295724864
North America,,1967,300431421
North America,,1968,305159077
North America,,1969,310053134
North America,,1970,315691695
North America,,1971,321049543
North America,,1972,326320039
North America,,1973,331321157
North America,,1974,336273223
North America,,1975,341300296
North America,,1976,346309935
North America,,1977,351506528
North America,,1978,357016142
North America,,1979,362654436
North America,,1980,368574942
North America,,1981,373589053
North America,,1982,378615781
North America,,1983,383734903
North America,,1984,388847666
North America,,1985,393949236
North America,,1986,399045023
North America,,1987,404153729
North America,,1988,409453275
North America,,1989,415061982
North America,,1990,421575397
North America,,1991,427934509
North America,,1992,434703257
North America,,1993,441450384
North America,,1994,448069901
North America,,1995,454557639
North America,,1996,460925637
North America,,1997,467334865
North America,,1998,473719801
North America,,1999,479976626
North America,,2000,486364446
North America,,2001,492319208
North America,,2002,498067243
North America,,2003,503641588
North America,,2004,509273976
North America,,2005,514942529
North America,,2006,520586895
North America,,2007,526315123
North America,,2008,532006442
North America,,2009,537567761
North America,,2010,543052879
North America,,2011,548684151
North America,,2012,554435782
North America,,2013,560056144
North America,,2014,565486685
North America,,2015,570726015
North America,,2016,576008328
North America,,2017,581258143
North America,,2018,585864285
North America,,2019,590497015
North America,,2020,594263186
North America,,2021,597123384
Oceania,,1800,1523354
Oceania,,1801,1483101
Oceania,,1802,1482067
Oceania,,1803,1481395
Oceania,,1804,1481083
Oceania,,1805,1481125
Oceania,,1806,1481521
Oceania,,1807,1482265
Oceania,,1808,1483356
Oceania,,1809,1484790
Oceania,,1810,1527802
Oceania,,1811,1489019
Oceania,,1812,1491473
Oceania,,1813,1494267
Oceania,,1814,1497396
Oceania,,1815,1500863
Oceania,,1816,1504666
Oceania,,1817,1508805
Oceania,,1818,1513283
Oceania,,1819,1517265
Oceania,,1820,1563858
Oceania,,1821,1523491
Oceania,,1822,1525604
Oceania,,1823,1526962
Oceania,,1824,1528338
Oceania,,1825,1529726
Oceania,,1826,1531132
Oceania,,1827,1532553
Oceania,,1828,1533988
Oceania,,1829,1536429
Oceania,,1830,1585505
Oceania,,1831,1544584
Oceania,,1832,1550427
Oceania,,1833,1557531
Oceania,,1834,1564972
Oceania,,1835,1572752
Oceania,,1836,1580871
Oceania,,1837,1589332
Oceania,,1838,1598138
Oceania,,1839,1609101
Oceania,,1840,1670375
Oceania,,1841,1637738
Oceania,,1842,1655546
Oceania,,1843,1675779
Oceania,,1844,1696705
Oceania,,1845,1718344
Oceania,,1846,1740729
Oceania,,1847,1763881
Oceania,,1848,1787826
Oceania,,1849,1818155
Oceania,,1850,1906318
Oceania,,1851,1905382
Oceania,,1852,1963814
Oceania,,1853,2031729
Oceania,,1854,2104530
Oceania,,1855,2182608
Oceania,,1856,2266382
Oceania,,1857,2356312
Oceania,,1858,2452882
Oceania,,1859,2543999
Oceania,,1860,2682440
Oceania,,1861,2706548
Oceania,,1862,2776129
Oceania,,1863,2836534
Oceania,,1864,2899226
Oceania,,1865,2964322
Oceania,,1866,3031959
Oceania,,1867,3102271
Oceania,,1868,3175409
Oceania,,1869,3247385
Oceania,,1870,3373849
Oceania,,1871,3387192
Oceania,,1872,3454664
Oceania,,1873,3520249
Oceania,,1874,3587868
Oceania,,1875,3657609
Oceania,,1876,3729570
Oceania,,1877,3803838
Oceania,,1878,3880524
Oceania,,1879,3962037
Oceania,,1880,4106682
Oceania,,1881,4140120
Oceania,,1882,4236977
Oceania,,1883,4339235
Oceania,,1884,4444741
Oceania,,1885,4553595
Oceania,,1886,4665914
Oceania,,1887,4781818
Oceania,,1888,4901429
Oceania,,1889,5014070
Oceania,,1890,5179952
Oceania,,1891,5216678
Oceania,,1892,5305691
Oceania,,1893,5385844
Oceania,,1894,5467391
Oceania,,1895,5550358
Oceania,,1896,5634767
Oceania,,1897,5720652
Oceania,,1898,5808037
Oceania,,1899,5896404
Oceania,,1900,6049032
Oceania,,1901,6076131
Oceania,,1902,6167515
Oceania,,1903,6259926
Oceania,,1904,6353914
Oceania,,1905,6449520
Oceania,,1906,6546769
Oceania,,1907,6645693
Oceania,,1908,6746323
Oceania,,1909,6839858
Oceania,,1910,6992770
Oceania,,1911,7007324
Oceania,,1912,7082081
Oceania,,1913,7151382
Oceania,,1914,7224692
Oceania,,1915,7301983
Oceania,,1916,7383233
Oceania,,1917,7468413
Oceania,,1918,7555613
Oceania,,1919,7653152
Oceania,,1920,7829777
Oceania,,1921,7878061
Oceania,,1922,8004880
Oceania,,1923,8140937
Oceania,,1924,8279924
Oceania,,1925,8421892
Oceania,,1926,8566874
Oceania,,1927,8714921
Oceania,,1928,8866077
Oceania,,1929,9009340
Oceania,,1930,9217159
Oceania,,1931,9272466
Oceania,,1932,9392474
Oceania,,1933,9504882
Oceania,,1934,9620825
Oceania,,1935,9740373
Oceania,,1936,9863614
Oceania,,1937,9990631
Oceania,,1938,10121536
Oceania,,1939,10268662
Oceania,,1940,10508525
Oceania,,1941,10613215
Oceania,,1942,10811502
Oceania,,1943,11027725
Oceania,,1944,11250125
Oceania,,1945,11478907
Oceania,,1946,11714287
Oceania,,1947,11956492
Oceania,,1948,12205760
Oceania,,1949,12465911
Oceania,,1950,12578030
Oceania,,1951,12910351
Oceania,,1952,13224304
Oceania,,1953,13522000
Oceania,,1954,13819174
Oceania,,1955,14140071
Oceania,,1956,14479634
Oceania,,1957,14820933
Oceania,,1958,15162130
Oceania,,1959,15506698
Oceania,,1960,15859743
Oceania,,1961,16213869
Oceania,,1962,16557077
Oceania,,1963,16899883
Oceania,,1964,17248725
Oceania,,1965,17609458
Oceania,,1966,17976052
Oceania,,1967,18320665
Oceania,,1968,18657991
Oceania,,1969,19020565
Oceania,,1970,19480682
Oceania,,1971,20023056
Oceania,,1972,20481057
Oceania,,1973,20852770
Oceania,,1974,21213318
Oceania,,1975,21537776
Oceania,,1976,21820768
Oceania,,1977,22089877
Oceania,,1978,22356009
Oceania,,1979,22623402
Oceania,,1980,22920632
Oceania,,1981,23268830
Oceania,,1982,23646422
Oceania,,1983,24011447
Oceania,,1984,24357734
Oceania,,1985,24704912
Oceania,,1986,25069550
Oceania,,1987,25459682
Oceania,,1988,25868614
Oceania,,1989,26286142
Oceania,,1990,26744211
Oceania,,1991,27214477
Oceania,,1992,27637470
Oceania,,1993,28038745
Oceania,,1994,28455275
Oceania,,1995,28905477
Oceania,,1996,29379071
Oceania,,1997,29846703
Oceania,,1998,30299542
Oceania,,1999,30753529
Oceania,,2000,31223133
Oceania,,2001,31714944
Oceania,,2002,32230343
Oceania,,2003,32756845
Oceania,,2004,33278789
Oceania,,2005,33813365
Oceania,,2006,34395875
Oceania,,2007,35044174
Oceania,,2008,35745111
Oceania,,2009,36448615
Oceania,,2010,37103109
Oceania,,2011,37730469
Oceania,,2012,38383766
Oceania,,2013,39057783
Oceania,,2014,39729340
Oceania,,2015,40403644
Oceania,,2016,41101240
Oceania,,2017,41817267
Oceania,,2018,42540030
Oceania,,2019,43278474
Oceania,,2020,43933757
Oceania,,2021,44492065
Upper-middle-income countries,1800,410951969
Upper-middle-income countries,1801,412766196
Upper-middle-income countries,1802,414598329
Upper-middle-income countries,1803,416445611
Upper-middle-income countries,1804,418308299
Upper-middle-income countries,1805,420186675
Upper-middle-income countries,1806,422081023
Upper-middle-income countries,1807,423991655
Upper-middle-income countries,1808,425918891
Upper-middle-income countries,1809,427863078
Upper-middle-income countries,1810,430898403
Upper-middle-income countries,1811,433949391
Upper-middle-income countries,1812,437398831
Upper-middle-income countries,1813,441248546
Upper-middle-income countries,1814,445154785
Upper-middle-income countries,1815,449118165
Upper-middle-income countries,1816,453139328
Upper-middle-income countries,1817,457218910
Upper-middle-income countries,1818,461357567
Upper-middle-income countries,1819,465339498
Upper-middle-income countries,1820,469164855
Upper-middle-income countries,1821,472814001
Upper-middle-income countries,1822,476298934
Upper-middle-income countries,1823,479649403
Upper-middle-income countries,1824,483042774
Upper-middle-income countries,1825,486479521
Upper-middle-income countries,1826,489960167
Upper-middle-income countries,1827,493485203
Upper-middle-income countries,1828,497055161
Upper-middle-income countries,1829,500159470
Upper-middle-income countries,1830,502797914
Upper-middle-income countries,1831,504956166
Upper-middle-income countries,1832,506627192
Upper-middle-income countries,1833,507803525
Upper-middle-income countries,1834,508992288
Upper-middle-income countries,1835,510193728
Upper-middle-income countries,1836,511408137
Upper-middle-income countries,1837,512635774
Upper-middle-income countries,1838,513876932
Upper-middle-income countries,1839,515076212
Upper-middle-income countries,1840,516237786
Upper-middle-income countries,1841,517350944
Upper-middle-income countries,1842,518427347
Upper-middle-income countries,1843,519463780
Upper-middle-income countries,1844,520516472
Upper-middle-income countries,1845,521585827
Upper-middle-income countries,1846,522672285
Upper-middle-income countries,1847,523776282
Upper-middle-income countries,1848,524898279
Upper-middle-income countries,1849,525259044
Upper-middle-income countries,1850,524868500
Upper-middle-income countries,1851,523754581
Upper-middle-income countries,1852,521900607
Upper-middle-income countries,1853,519309448
Upper-middle-income countries,1854,516765029
Upper-middle-income countries,1855,514267206
Upper-middle-income countries,1856,511815833
Upper-middle-income countries,1857,509410791
Upper-middle-income countries,1858,507051963
Upper-middle-income countries,1859,504995963
Upper-middle-income countries,1860,503241991
Upper-middle-income countries,1861,501772707
Upper-middle-income countries,1862,500595692
Upper-middle-income countries,1863,499701973
Upper-middle-income countries,1864,498829938
Upper-middle-income countries,1865,497979705
Upper-middle-income countries,1866,497151383
Upper-middle-income countries,1867,496345105
Upper-middle-income countries,1868,495560993
Upper-middle-income countries,1869,495422089
Upper-middle-income countries,1870,495932934
Upper-middle-income countries,1871,497023188
Upper-middle-income countries,1872,498818741
Upper-middle-income countries,1873,501259173
Upper-middle-income countries,1874,503721360
Upper-middle-income countries,1875,506205601
Upper-middle-income countries,1876,508712182
Upper-middle-income countries,1877,511241410
Upper-middle-income countries,1878,513793597
Upper-middle-income countries,1879,516410366
Upper-middle-income countries,1880,519097840
Upper-middle-income countries,1881,521841207
Upper-middle-income countries,1882,524657174
Upper-middle-income countries,1883,527541544
Upper-middle-income countries,1884,530454092
Upper-middle-income countries,1885,533395443
Upper-middle-income countries,1886,536366267
Upper-middle-income countries,1887,539367256
Upper-middle-income countries,1888,542399147
Upper-middle-income countries,1889,545616031
Upper-middle-income countries,1890,549026059
Upper-middle-income countries,1891,552613721
Upper-middle-income countries,1892,556398906
Upper-middle-income countries,1893,560377875
Upper-middle-income countries,1894,564399301
Upper-middle-income countries,1895,568463835
Upper-middle-income countries,1896,572572147
Upper-middle-income countries,1897,576724911
Upper-middle-income countries,1898,580922833
Upper-middle-income countries,1899,585217953
Upper-middle-income countries,1900,589618039
Upper-middle-income countries,1901,594104339
Upper-middle-income countries,1902,598697965
Upper-middle-income countries,1903,603393496
Upper-middle-income countries,1904,608140785
Upper-middle-income countries,1905,612940724
Upper-middle-income countries,1906,617794208
Upper-middle-income countries,1907,622702182
Upper-middle-income countries,1908,627665584
Upper-middle-income countries,1909,633049085
Upper-middle-income countries,1910,638867938
Upper-middle-income countries,1911,645079271
Upper-middle-income countries,1912,651769735
Upper-middle-income countries,1913,658911837
Upper-middle-income countries,1914,666149659
Upper-middle-income countries,1915,673484570
Upper-middle-income countries,1916,680917977
Upper-middle-income countries,1917,688451304
Upper-middle-income countries,1918,696042087
Upper-middle-income countries,1919,703167533
Upper-middle-income countries,1920,709829791
Upper-middle-income countries,1921,715995134
Upper-middle-income countries,1922,721683545
Upper-middle-income countries,1923,726879125
Upper-middle-income countries,1924,732141653
Upper-middle-income countries,1925,737472374
Upper-middle-income countries,1926,742872584
Upper-middle-income countries,1927,748343588
Upper-middle-income countries,1928,753886717
Upper-middle-income countries,1929,759713282
Upper-middle-income countries,1930,765836296
Upper-middle-income countries,1931,772225745
Upper-middle-income countries,1932,778916109
Upper-middle-income countries,1933,785898805
Upper-middle-income countries,1934,792966073
Upper-middle-income countries,1935,800119169
Upper-middle-income countries,1936,807359381
Upper-middle-income countries,1937,814688022
Upper-middle-income countries,1938,822106439
Upper-middle-income countries,1939,829706010
Upper-middle-income countries,1940,837508787
Upper-middle-income countries,1941,845485554
Upper-middle-income countries,1942,853684914
Upper-middle-income countries,1943,862104222
Upper-middle-income countries,1944,870664116
Upper-middle-income countries,1945,879367925
Upper-middle-income countries,1946,888219049
Upper-middle-income countries,1947,897220989
Upper-middle-income countries,1948,906377351
Upper-middle-income countries,1949,917568660
Upper-middle-income countries,1950,918865980
Upper-middle-income countries,1951,936488346
Upper-middle-income countries,1952,956135860
Upper-middle-income countries,1953,977180204
Upper-middle-income countries,1954,998585321
Upper-middle-income countries,1955,1021053483
Upper-middle-income countries,1956,1043522165
Upper-middle-income countries,1957,1067110863
Upper-middle-income countries,1958,1090929731
Upper-middle-income countries,1959,1109551013
Upper-middle-income countries,1960,1122079651
Upper-middle-income countries,1961,1134055566
Upper-middle-income countries,1962,1154442670
Upper-middle-income countries,1963,1184787557
Upper-middle-income countries,1964,1216528861
Upper-middle-income countries,1965,1246756365
Upper-middle-income countries,1966,1276824449
Upper-middle-income countries,1967,1305914467
Upper-middle-income countries,1968,1336327932
Upper-middle-income countries,1969,1368462120
Upper-middle-income countries,1970,1400588420
Upper-middle-income countries,1971,1432397676
Upper-middle-income countries,1972,1463253261
Upper-middle-income countries,1973,1493577365
Upper-middle-income countries,1974,1522998449
Upper-middle-income countries,1975,1550620448
Upper-middle-income countries,1976,1577158789
Upper-middle-income countries,1977,1602899568
Upper-middle-income countries,1978,1627539626
Upper-middle-income countries,1979,1652710622
Upper-middle-income countries,1980,1679054459
Upper-middle-income countries,1981,1706088992
Upper-middle-income countries,1982,1734572338
Upper-middle-income countries,1983,1763046849
Upper-middle-income countries,1984,1790931059
Upper-middle-income countries,1985,1819847676
Upper-middle-income countries,1986,1850542202
Upper-middle-income countries,1987,1883081918
Upper-middle-income countries,1988,1915432562
Upper-middle-income countries,1989,1946975318
Upper-middle-income countries,1990,1978674629
Upper-middle-income countries,1991,2007371520
Upper-middle-income countries,1992,2031690983
Upper-middle-income countries,1993,2054704372
Upper-middle-income countries,1994,2076865377
Upper-middle-income countries,1995,2097969970
Upper-middle-income countries,1996,2118266453
Upper-middle-income countries,1997,2137669038
Upper-middle-income countries,1998,2156208218
Upper-middle-income countries,1999,2174058070
Upper-middle-income countries,2000,2191949480
Upper-middle-income countries,2001,2209701540
Upper-middle-income countries,2002,2226823411
Upper-middle-income countries,2003,2243462002
Upper-middle-income countries,2004,2260098040
Upper-middle-income countries,2005,2276903910
Upper-middle-income countries,2006,2293429307
Upper-middle-income countries,2007,2309893739
Upper-middle-income countries,2008,2327278207
Upper-middle-income countries,2009,2345622340
Upper-middle-income countries,2010,2364144387
Upper-middle-income countries,2011,2382503938
Upper-middle-income countries,2012,2402146692
Upper-middle-income countries,2013,2423354868
Upper-middle-income countries,2014,2444604237
Upper-middle-income countries,2015,2464672367
Upper-middle-income countries,2016,2482967003
Upper-middle-income countries,2017,2500616723
Upper-middle-income countries,2018,2516785800
Upper-middle-income countries,2019,2530546049
Upper-middle-income countries,2020,2541463877
Upper-middle-income countries,2021,2548718303
Lower-middle-income countries,,1800,332490506
Lower-middle-income countries,,1801,332947987
Lower-middle-income countries,,1802,333416799
Lower-middle-income countries,,1803,333896851
Lower-middle-income countries,,1804,334388047
Lower-middle-income countries,,1805,334890290
Lower-middle-income countries,,1806,335403493
Lower-middle-income countries,,1807,335927583
Lower-middle-income countries,,1808,336462486
Lower-middle-income countries,,1809,337008138
Lower-middle-income countries,,1810,337644209
Lower-middle-income countries,,1811,338287957
Lower-middle-income countries,,1812,338985061
Lower-middle-income countries,,1813,339735491
Lower-middle-income countries,,1814,340522139
Lower-middle-income countries,,1815,341345200
Lower-middle-income countries,,1816,342204888
Lower-middle-income countries,,1817,343101420
Lower-middle-income countries,,1818,344035012
Lower-middle-income countries,,1819,345052830
Lower-middle-income countries,,1820,346154543
Lower-middle-income countries,,1821,347108009
Lower-middle-income countries,,1822,348122276
Lower-middle-income countries,,1823,349685589
Lower-middle-income countries,,1824,351264520
Lower-middle-income countries,,1825,352859220
Lower-middle-income countries,,1826,354469843
Lower-middle-income countries,,1827,356096552
Lower-middle-income countries,,1828,357739495
Lower-middle-income countries,,1829,359398830
Lower-middle-income countries,,1830,361074739
Lower-middle-income countries,,1831,362767372
Lower-middle-income countries,,1832,364472306
Lower-middle-income countries,,1833,366189653
Lower-middle-income countries,,1834,367919531
Lower-middle-income countries,,1835,369662087
Lower-middle-income countries,,1836,371417417
Lower-middle-income countries,,1837,373185668
Lower-middle-income countries,,1838,374966967
Lower-middle-income countries,,1839,376778780
Lower-middle-income countries,,1840,378621697
Lower-middle-income countries,,1841,380499787
Lower-middle-income countries,,1842,382413747
Lower-middle-income countries,,1843,384364295
Lower-middle-income countries,,1844,386334811
Lower-middle-income countries,,1845,388325586
Lower-middle-income countries,,1846,390336899
Lower-middle-income countries,,1847,392369030
Lower-middle-income countries,,1848,394422282
Lower-middle-income countries,,1849,396462485
Lower-middle-income countries,,1850,398489496
Lower-middle-income countries,,1851,400537330
Lower-middle-income countries,,1852,402571248
Lower-middle-income countries,,1853,404590987
Lower-middle-income countries,,1854,406630848
Lower-middle-income countries,,1855,408691114
Lower-middle-income countries,,1856,410772062
Lower-middle-income countries,,1857,412873989
Lower-middle-income countries,,1858,414997177
Lower-middle-income countries,,1859,417165759
Lower-middle-income countries,,1860,419380627
Lower-middle-income countries,,1861,421651891
Lower-middle-income countries,,1862,423979405
Lower-middle-income countries,,1863,426359356
Lower-middle-income countries,,1864,428764680
Lower-middle-income countries,,1865,431187984
Lower-middle-income countries,,1866,433627856
Lower-middle-income countries,,1867,436091180
Lower-middle-income countries,,1868,438575987
Lower-middle-income countries,,1869,440910739
Lower-middle-income countries,,1870,443107603
Lower-middle-income countries,,1871,445145588
Lower-middle-income countries,,1872,447055129
Lower-middle-income countries,,1873,448805166
Lower-middle-income countries,,1874,450560528
Lower-middle-income countries,,1875,452348198
Lower-middle-income countries,,1876,454147224
Lower-middle-income countries,,1877,455927010
Lower-middle-income countries,,1878,457703155
Lower-middle-income countries,,1879,459907234
Lower-middle-income countries,,1880,462577449
Lower-middle-income countries,,1881,465734362
Lower-middle-income countries,,1882,469379311
Lower-middle-income countries,,1883,473504035
Lower-middle-income countries,,1884,477680627
Lower-middle-income countries,,1885,481963628
Lower-middle-income countries,,1886,486269466
Lower-middle-income countries,,1887,490643972
Lower-middle-income countries,,1888,495058998
Lower-middle-income countries,,1889,499083625
Lower-middle-income countries,,1890,502731084
Lower-middle-income countries,,1891,505951015
Lower-middle-income countries,,1892,508755055
Lower-middle-income countries,,1893,511145180
Lower-middle-income countries,,1894,513576202
Lower-middle-income countries,,1895,516060045
Lower-middle-income countries,,1896,518532045
Lower-middle-income countries,,1897,521050772
Lower-middle-income countries,,1898,523593932
Lower-middle-income countries,,1899,526568106
Lower-middle-income countries,,1900,529937979
Lower-middle-income countries,,1901,533696645
Lower-middle-income countries,,1902,537872998
Lower-middle-income countries,,1903,542459160
Lower-middle-income countries,,1904,547101054
Lower-middle-income countries,,1905,551800444
Lower-middle-income countries,,1906,556559799
Lower-middle-income countries,,1907,561397351
Lower-middle-income countries,,1908,566314842
Lower-middle-income countries,,1909,570673815
Lower-middle-income countries,,1910,574463055
Lower-middle-income countries,,1911,577652678
Lower-middle-income countries,,1912,580277199
Lower-middle-income countries,,1913,582297206
Lower-middle-income countries,,1914,584339849
Lower-middle-income countries,,1915,586408099
Lower-middle-income countries,,1916,588435583
Lower-middle-income countries,,1917,590386525
Lower-middle-income countries,,1918,592404257
Lower-middle-income countries,,1919,595331247
Lower-middle-income countries,,1920,599199509
Lower-middle-income countries,,1921,603887940
Lower-middle-income countries,,1922,609409865
Lower-middle-income countries,,1923,615793599
Lower-middle-income countries,,1924,622264924
Lower-middle-income countries,,1925,628824009
Lower-middle-income countries,,1926,635472985
Lower-middle-income countries,,1927,642212563
Lower-middle-income countries,,1928,649044944
Lower-middle-income countries,,1929,656405951
Lower-middle-income countries,,1930,664351591
Lower-middle-income countries,,1931,672890940
Lower-middle-income countries,,1932,682037762
Lower-middle-income countries,,1933,691758660
Lower-middle-income countries,,1934,701634444
Lower-middle-income countries,,1935,711658801
Lower-middle-income countries,,1936,721831507
Lower-middle-income countries,,1937,732149795
Lower-middle-income countries,,1938,742629570
Lower-middle-income countries,,1939,751712944
Lower-middle-income countries,,1940,759427375
Lower-middle-income countries,,1941,765764749
Lower-middle-income countries,,1942,770631549
Lower-middle-income countries,,1943,773823626
Lower-middle-income countries,,1944,776752429
Lower-middle-income countries,,1945,779817147
Lower-middle-income countries,,1946,783250784
Lower-middle-income countries,,1947,787235786
Lower-middle-income countries,,1948,791536805
Lower-middle-income countries,,1949,798393667
Lower-middle-income countries,,1950,789659061
Lower-middle-income countries,,1951,806659258
Lower-middle-income countries,,1952,824322739
Lower-middle-income countries,,1953,842609008
Lower-middle-income countries,,1954,861652153
Lower-middle-income countries,,1955,881619584
Lower-middle-income countries,,1956,902303202
Lower-middle-income countries,,1957,923719371
Lower-middle-income countries,,1958,945638200
Lower-middle-income countries,,1959,968358237
Lower-middle-income countries,,1960,992041992
Lower-middle-income countries,,1961,1016193166
Lower-middle-income countries,,1962,1040961789
Lower-middle-income countries,,1963,1066456125
Lower-middle-income countries,,1964,1092568923
Lower-middle-income countries,,1965,1118650842
Lower-middle-income countries,,1966,1144744120
Lower-middle-income countries,,1967,1171564606
Lower-middle-income countries,,1968,1199280293
Lower-middle-income countries,,1969,1227808434
Lower-middle-income countries,,1970,1256736434
Lower-middle-income countries,,1971,1285457753
Lower-middle-income countries,,1972,1315146462
Lower-middle-income countries,,1973,1346554674
Lower-middle-income countries,,1974,1378703081
Lower-middle-income countries,,1975,1411532827
Lower-middle-income countries,,1976,1444952534
Lower-middle-income countries,,1977,1479373685
Lower-middle-income countries,,1978,1514934199
Lower-middle-income countries,,1979,1551698522
Lower-middle-income countries,,1980,1590635339
Lower-middle-income countries,,1981,1631782844
Lower-middle-income countries,,1982,1673454338
Lower-middle-income countries,,1983,1715002716
Lower-middle-income countries,,1984,1757033374
Lower-middle-income countries,,1985,1799806499
Lower-middle-income countries,,1986,1843201184
Lower-middle-income countries,,1987,1886925482
Lower-middle-income countries,,1988,1930937086
Lower-middle-income countries,,1989,1975269229
Lower-middle-income countries,,1990,2020653165
Lower-middle-income countries,,1991,2066065851
Lower-middle-income countries,,1992,2110223537
Lower-middle-income countries,,1993,2153745205
Lower-middle-income countries,,1994,2197553286
Lower-middle-income countries,,1995,2241781730
Lower-middle-income countries,,1996,2285832700
Lower-middle-income countries,,1997,2330207743
Lower-middle-income countries,,1998,2375067059
Lower-middle-income countries,,1999,2419995017
Lower-middle-income countries,,2000,2465592691
Lower-middle-income countries,,2001,2511799308
Lower-middle-income countries,,2002,2556960325
Lower-middle-income countries,,2003,2601596128
Lower-middle-income countries,,2004,2646723113
Lower-middle-income countries,,2005,2691406988
Lower-middle-income countries,,2006,2735471783
Lower-middle-income countries,,2007,2779588288
Lower-middle-income countries,,2008,2823712552
Lower-middle-income countries,,2009,2868312458
Lower-middle-income countries,,2010,2914138506
Lower-middle-income countries,,2011,2960590210
Lower-middle-income countries,,2012,3006968165
Lower-middle-income countries,,2013,3053128864
Lower-middle-income countries,,2014,3099123675
Lower-middle-income countries,,2015,3144964232
Lower-middle-income countries,,2016,3190920278
Lower-middle-income countries,,2017,3236754793
Lower-middle-income countries,,2018,3281847839
Lower-middle-income countries,,2019,3326051409
Lower-middle-income countries,,2020,3369707355
Lower-middle-income countries,,2021,3411037255
Low-income countries,,1800,52136558
Low-income countries,,1801,52161911
Low-income countries,,1802,52187916
Low-income countries,,1803,52214570
Low-income countries,,1804,52241881
Low-income countries,,1805,52269860
Low-income countries,,1806,52298512
Low-income countries,,1807,52327842
Low-income countries,,1808,52357861
Low-income countries,,1809,52388574
Low-income countries,,1810,52420856
Low-income countries,,1811,52462387
Low-income countries,,1812,52514154
Low-income countries,,1813,52576296
Low-income countries,,1814,52648943
Low-income countries,,1815,52732235
Low-income countries,,1816,52826308
Low-income countries,,1817,52931305
Low-income countries,,1818,53047366
Low-income countries,,1819,53229625
Low-income countries,,1820,53479112
Low-income countries,,1821,53799945
Low-income countries,,1822,54189918
Low-income countries,,1823,54656785
Low-income countries,,1824,55140166
Low-income countries,,1825,55640336
Low-income countries,,1826,56157550
Low-income countries,,1827,56692093
Low-income countries,,1828,57244245
Low-income countries,,1829,57814291
Low-income countries,,1830,58402517
Low-income countries,,1831,59009234
Low-income countries,,1832,59625610
Low-income countries,,1833,60251844
Low-income countries,,1834,60888117
Low-income countries,,1835,61534636
Low-income countries,,1836,62191594
Low-income countries,,1837,62859198
Low-income countries,,1838,63537657
Low-income countries,,1839,64227188
Low-income countries,,1840,64928012
Low-income countries,,1841,65640347
Low-income countries,,1842,66364427
Low-income countries,,1843,67100485
Low-income countries,,1844,67848762
Low-income countries,,1845,68609509
Low-income countries,,1846,69382975
Low-income countries,,1847,70169417
Low-income countries,,1848,70969104
Low-income countries,,1849,71691246
Low-income countries,,1850,72334096
Low-income countries,,1851,72623653
Low-income countries,,1852,72826406
Low-income countries,,1853,72941568
Low-income countries,,1854,73057185
Low-income countries,,1855,73173255
Low-income countries,,1856,73289772
Low-income countries,,1857,73406745
Low-income countries,,1858,73524174
Low-income countries,,1859,73651433
Low-income countries,,1860,73788608
Low-income countries,,1861,73935777
Low-income countries,,1862,74093018
Low-income countries,,1863,74260417
Low-income countries,,1864,74428672
Low-income countries,,1865,74597788
Low-income countries,,1866,74767771
Low-income countries,,1867,74938626
Low-income countries,,1868,75110356
Low-income countries,,1869,75290641
Low-income countries,,1870,75479599
Low-income countries,,1871,75675684
Low-income countries,,1872,75882298
Low-income countries,,1873,76097906
Low-income countries,,1874,76314907
Low-income countries,,1875,76533304
Low-income countries,,1876,76753103
Low-income countries,,1877,76974321
Low-income countries,,1878,77196963
Low-income countries,,1879,77419826
Low-income countries,,1880,77642847
Low-income countries,,1881,77865951
Low-income countries,,1882,78089068
Low-income countries,,1883,78312125
Low-income countries,,1884,78536269
Low-income countries,,1885,78761503
Low-income countries,,1886,78987837
Low-income countries,,1887,79215269
Low-income countries,,1888,79443811
Low-income countries,,1889,79624449
Low-income countries,,1890,79757292
Low-income countries,,1891,79842433
Low-income countries,,1892,79879972
Low-income countries,,1893,79870011
Low-income countries,,1894,79861590
Low-income countries,,1895,79854715
Low-income countries,,1896,79849383
Low-income countries,,1897,79845594
Low-income countries,,1898,79843346
Low-income countries,,1899,79848640
Low-income countries,,1900,79862130
Low-income countries,,1901,79884460
Low-income countries,,1902,79916291
Low-income countries,,1903,79958274
Low-income countries,,1904,80005010
Low-income countries,,1905,80056514
Low-income countries,,1906,80112796
Low-income countries,,1907,80173883
Low-income countries,,1908,80239783
Low-income countries,,1909,80410447
Low-income countries,,1910,80691980
Low-income countries,,1911,81090321
Low-income countries,,1912,81613842
Low-income countries,,1913,82269552
Low-income countries,,1914,82965994
Low-income countries,,1915,83705990
Low-income countries,,1916,84492570
Low-income countries,,1917,85329001
Low-income countries,,1918,86224622
Low-income countries,,1919,86996255
Low-income countries,,1920,87642325
Low-income countries,,1921,88160224
Low-income countries,,1922,88546311
Low-income countries,,1923,88795834
Low-income countries,,1924,89084680
Low-income countries,,1925,89411531
Low-income countries,,1926,89775154
Low-income countries,,1927,90174380
Low-income countries,,1928,90608119
Low-income countries,,1929,91133102
Low-income countries,,1930,91744383
Low-income countries,,1931,92437261
Low-income countries,,1932,93207279
Low-income countries,,1933,94050195
Low-income countries,,1934,94904222
Low-income countries,,1935,95769517
Low-income countries,,1936,96646235
Low-income countries,,1937,97534529
Low-income countries,,1938,98434560
Low-income countries,,1939,99409862
Low-income countries,,1940,100462204
Low-income countries,,1941,101593368
Low-income countries,,1942,102805194
Low-income countries,,1943,104099539
Low-income countries,,1944,105414938
Low-income countries,,1945,106751738
Low-income countries,,1946,108110299
Low-income countries,,1947,109490981
Low-income countries,,1948,110894154
Low-income countries,,1949,112461105
Low-income countries,,1950,115124011
Low-income countries,,1951,116668543
Low-income countries,,1952,118481303
Low-income countries,,1953,120580557
Low-income countries,,1954,122876037
Low-income countries,,1955,125353761
Low-income countries,,1956,127953318
Low-income countries,,1957,130626001
Low-income countries,,1958,133330319
Low-income countries,,1959,136192297
Low-income countries,,1960,139279504
Low-income countries,,1961,142513031
Low-income countries,,1962,145875319
Low-income countries,,1963,149368030
Low-income countries,,1964,153036540
Low-income countries,,1965,156871256
Low-income countries,,1966,160820670
Low-income countries,,1967,164969567
Low-income countries,,1968,169323594
Low-income countries,,1969,173777968
Low-income countries,,1970,178354049
Low-income countries,,1971,183027534
Low-income countries,,1972,187707196
Low-income countries,,1973,192522076
Low-income countries,,1974,197579060
Low-income countries,,1975,202766588
Low-income countries,,1976,208058587
Low-income countries,,1977,213322704
Low-income countries,,1978,219077893
Low-income countries,,1979,225116202
Low-income countries,,1980,230070428
Low-income countries,,1981,234481298
Low-income countries,,1982,239979172
Low-income countries,,1983,246279320
Low-income countries,,1984,252850490
Low-income countries,,1985,259600786
Low-income countries,,1986,266329993
Low-income countries,,1987,273290467
Low-income countries,,1988,280325878
Low-income countries,,1989,287707539
Low-income countries,,1990,295113902
Low-income countries,,1991,302719388
Low-income countries,,1992,311829848
Low-income countries,,1993,321719678
Low-income countries,,1994,331110172
Low-income countries,,1995,340649422
Low-income countries,,1996,350714341
Low-income countries,,1997,360598492
Low-income countries,,1998,370450935
Low-income countries,,1999,380754981
Low-income countries,,2000,390930582
Low-income countries,,2001,401370112
Low-income countries,,2002,413349829
Low-income countries,,2003,425985207
Low-income countries,,2004,438315500
Low-income countries,,2005,451026810
Low-income countries,,2006,464643750
Low-income countries,,2007,478557950
Low-income countries,,2008,492420651
Low-income countries,,2009,506630550
Low-income countries,,2010,521168124
Low-income countries,,2011,536034115
Low-income countries,,2012,550791385
Low-income countries,,2013,564891338
Low-income countries,,2014,579035766
Low-income countries,,2015,593799102
Low-income countries,,2016,609614594
Low-income countries,,2017,626187698
Low-income countries,,2018,643420791
Low-income countries,,2019,661633048
Low-income countries,,2020,680258922
Low-income countries,,2021,698782037
High-income countries,,1800,187842589
High-income countries,,1801,188773146
High-income countries,,1802,189937959
High-income countries,,1803,191116374
High-income countries,,1804,192308584
High-income countries,,1805,193514769
High-income countries,,1806,194735133
High-income countries,,1807,195969873
High-income countries,,1808,197219186
High-income countries,,1809,198483278
High-income countries,,1810,200499150
High-income countries,,1811,201991762
High-income countries,,1812,203947641
High-income countries,,1813,206106539
High-income countries,,1814,208333145
High-income countries,,1815,210630670
High-income countries,,1816,213002503
High-income countries,,1817,215452208
High-income countries,,1818,217983547
High-income countries,,1819,220404292
High-income countries,,1820,223036556
High-income countries,,1821,224870450
High-income countries,,1822,226892411
High-income countries,,1823,228756763
High-income countries,,1824,230646108
High-income countries,,1825,232564583
High-income countries,,1826,234557272
High-income countries,,1827,236577222
High-income countries,,1828,238624952
High-income countries,,1829,240654111
High-income countries,,1830,243052648
High-income countries,,1831,244614628
High-income countries,,1832,246544095
High-income countries,,1833,248452311
High-income countries,,1834,250385713
High-income countries,,1835,252344780
High-income countries,,1836,254330023
High-income countries,,1837,256341954
High-income countries,,1838,258381100
High-income countries,,1839,260353521
High-income countries,,1840,262704057
High-income countries,,1841,264105932
High-income countries,,1842,265887931
High-income countries,,1843,267607093
High-income countries,,1844,269358919
High-income countries,,1845,271144099
High-income countries,,1846,272963355
High-income countries,,1847,274817414
High-income countries,,1848,276707046
High-income countries,,1849,278667301
High-income countries,,1850,281238303
High-income countries,,1851,282786269
High-income countries,,1852,284948660
High-income countries,,1853,287188279
High-income countries,,1854,289472645
High-income countries,,1855,291803064
High-income countries,,1856,294180937
High-income countries,,1857,296607701
High-income countries,,1858,299084890
High-income countries,,1859,301580866
High-income countries,,1860,304734087
High-income countries,,1861,306612646
High-income countries,,1862,309142324
High-income countries,,1863,311678890
High-income countries,,1864,314252325
High-income countries,,1865,316863360
High-income countries,,1866,319512793
High-income countries,,1867,322201401
High-income countries,,1868,324930010
High-income countries,,1869,327739563
High-income countries,,1870,331383588
High-income countries,,1871,333612995
High-income countries,,1872,336677250
High-income countries,,1873,339826831
High-income countries,,1874,343022786
High-income countries,,1875,346265956
High-income countries,,1876,349557227
High-income countries,,1877,352897911
High-income countries,,1878,356288960
High-income countries,,1879,359729015
High-income countries,,1880,364087727
High-income countries,,1881,366757593
High-income countries,,1882,370347989
High-income countries,,1883,373991138
High-income countries,,1884,377690422
High-income countries,,1885,381446907
High-income countries,,1886,385264205
High-income countries,,1887,389143473
High-income countries,,1888,393085921
High-income countries,,1889,397054418
High-income countries,,1890,402031043
High-income countries,,1891,405073588
High-income countries,,1892,409121852
High-income countries,,1893,413191213
High-income countries,,1894,417318616
High-income countries,,1895,421504963
High-income countries,,1896,425751169
High-income countries,,1897,430055631
High-income countries,,1898,434419301
High-income countries,,1899,438922321
High-income countries,,1900,444680895
High-income countries,,1901,448368520
High-income countries,,1902,453313258
High-income countries,,1903,458407363
High-income countries,,1904,463575066
High-income countries,,1905,468818564
High-income countries,,1906,474139516
High-income countries,,1907,479542967
High-income countries,,1908,485027170
High-income countries,,1909,489950922
High-income countries,,1910,495654160
High-income countries,,1911,498058902
High-income countries,,1912,501265358
High-income countries,,1913,503894326
High-income countries,,1914,506564199
High-income countries,,1915,509214680
High-income countries,,1916,511845710
High-income countries,,1917,514502526
High-income countries,,1918,517161647
High-income countries,,1919,520321915
High-income countries,,1920,525651352
High-income countries,,1921,528264198
High-income countries,,1922,533021464
High-income countries,,1923,538245584
High-income countries,,1924,543549189
High-income countries,,1925,548935004
High-income countries,,1926,554381929
High-income countries,,1927,559889921
High-income countries,,1928,565493352
High-income countries,,1929,570882918
High-income countries,,1930,577865276
High-income countries,,1931,580989935
High-income countries,,1932,585676412
High-income countries,,1933,590102108
High-income countries,,1934,594549998
High-income countries,,1935,599031325
High-income countries,,1936,603643296
High-income countries,,1937,608358988
High-income countries,,1938,613177518
High-income countries,,1939,618205731
High-income countries,,1940,625080545
High-income countries,,1941,627708390
High-income countries,,1942,632420382
High-income countries,,1943,637262921
High-income countries,,1944,642232733
High-income countries,,1945,646750498
High-income countries,,1946,650607673
High-income countries,,1947,655099050
High-income countries,,1948,660698596
High-income countries,,1949,667096249
High-income countries,,1950,669397963
High-income countries,,1951,676774552
High-income countries,,1952,684518924
High-income countries,,1953,692819154
High-income countries,,1954,701492294
High-income countries,,1955,710382120
High-income countries,,1956,719265066
High-income countries,,1957,728148307
High-income countries,,1958,737635313
High-income countries,,1959,747296445
High-income countries,,1960,756613763
High-income countries,,1961,766062145
High-income countries,,1962,775529446
High-income countries,,1963,784955820
High-income countries,,1964,794527190
High-income countries,,1965,803939083
High-income countries,,1966,812785800
High-income countries,,1967,821405210
High-income countries,,1968,829928109
High-income countries,,1969,838295343
High-income countries,,1970,847035032
High-income countries,,1971,856236764
High-income countries,,1972,865281941
High-income countries,,1973,873811230
High-income countries,,1974,882068516
High-income countries,,1975,889965424
High-income countries,,1976,897381759
High-income countries,,1977,904794975
High-income countries,,1978,912288970
High-income countries,,1979,919797067
High-income countries,,1980,927538869
High-income countries,,1981,935113193
High-income countries,,1982,942356988
High-income countries,,1983,949463548
High-income countries,,1984,956450952
High-income countries,,1985,963419473
High-income countries,,1986,970437010
High-income countries,,1987,977626715
High-income countries,,1988,985025837
High-income countries,,1989,992663898
High-income countries,,1990,1000128696
High-income countries,,1991,1007966262
High-income countries,,1992,1016302312
High-income countries,,1993,1024111317
High-income countries,,1994,1031535629
High-income countries,,1995,1038643992
High-income countries,,1996,1045645066
High-income countries,,1997,1052805303
High-income countries,,1998,1059873149
High-income countries,,1999,1066734633
High-income countries,,2000,1073716442
High-income countries,,2001,1080682831
High-income countries,,2002,1087599947
High-income countries,,2003,1094702298
High-income countries,,2004,1101994336
High-income countries,,2005,1109756320
High-income countries,,2006,1118325687
High-income countries,,2007,1127897627
High-income countries,,2008,1137726149
High-income countries,,2009,1146851619
High-income countries,,2010,1154843353
High-income countries,,2011,1162275154
High-income countries,,2012,1169663185
High-income countries,,2013,1176689524
High-income countries,,2014,1183328941
High-income countries,,2015,1189869736
High-income countries,,2016,1196437875
High-income countries,,2017,1202872536
High-income countries,,2018,1209044728
High-income countries,,2019,1214846354
High-income countries,,2020,1218093003
High-income countries,,2021,1219584303
